<?xml version="1.0"?>
<Interface Version="1" Minor="1">
	<Ifc Id="ROOT" Top="1">
		<Port Id="bit_select" Dir="IN"/>
		<Port Id="B_in" Dir="IN"/>
		<Port Id="CLK_OSC" Dir="IN"/>
		<Port Id="LSB_in" Dir="IN"/>
		<Port Id="MSB_in" Dir="IN"/>
		<Port Id="XLXN_18" Dir="IN"/>
		<Port Id="XLXN_129" Dir="IN"/>
		<Port Id="P27" Dir="OUT"/>
		<Port Id="P29" Dir="OUT"/>
		<Port Id="P32" Dir="OUT"/>
		<Port Id="P34" Dir="OUT"/>
		<Port Id="P35" Dir="OUT"/>
		<Port Id="P40" Dir="OUT"/>
		<Port Id="P41" Dir="OUT"/>
	</Ifc>
</Interface>

