<?xml version="1.0" encoding="UTF-8"?>
<DARoots Version="1" Minor="26">
  <FileSet Name="constrs_1" Type="Constrs" RelSrcDir="$PSRCDIR/constrs_1">
    <Filter Type="Constrs"/>
    <File Path="$PPRDIR/../lab8_02.ucf">
      <FileInfo>
        <Attr Name="UsedInSynthesis" Val="1"/>
        <Attr Name="UsedInImplementation" Val="1"/>
      </FileInfo>
    </File>
    <File Path="$PDATADIR/constrs_1/designprops.xml">
      <FileInfo SFType="CompatPartsDb"/>
    </File>
    <File Path="$PDATADIR/constrs_1/usercols.xml">
      <FileInfo SFType="UserColsDb"/>
    </File>
    <Config>
      <Option Name="TargetConstrsFile" Val="$PPRDIR/../lab8_02.ucf"/>
      <Option Name="ConstrsType" Val="UCF"/>
    </Config>
  </FileSet>
</DARoots>
