<?xml version="1.0"?>
<Interface Version="1" Minor="1">
	<Ifc Id="ROOT" Top="1">
		<Port Id="CLK_OSC" Dir="IN"/>
		<Port Id="increase_time" Dir="IN"/>
		<Port Id="reset" Dir="IN"/>
		<Port Id="start_and_stop" Dir="IN"/>
		<Port Id="common0" Dir="OUT"/>
		<Port Id="common1" Dir="OUT"/>
		<Port Id="common2" Dir="OUT"/>
		<Port Id="common3" Dir="OUT"/>
		<Port Id="P27" Dir="OUT"/>
		<Port Id="P29" Dir="OUT"/>
		<Port Id="P32" Dir="OUT"/>
		<Port Id="P34" Dir="OUT"/>
		<Port Id="P35" Dir="OUT"/>
		<Port Id="P40" Dir="OUT"/>
		<Port Id="P41" Dir="OUT"/>
	</Ifc>
</Interface>

