<?xml version="1.0"?>
<Interface Version="1" Minor="1">
	<Ifc Id="ROOT" Top="1">
		<Port Id="bit_select" Dir="IN"/>
		<Port Id="B_in" Dir="IN"/>
		<Port Id="CLK_OSC" Dir="IN"/>
		<Port Id="LSB_in" Dir="IN"/>
		<Port Id="MSB_in" Dir="IN"/>
		<Port Id="SW_0" Dir="IN"/>
		<Port Id="SW_1" Dir="IN"/>
		<Port Id="SW_2" Dir="IN"/>
		<Port Id="SW_3" Dir="IN"/>
		<Port Id="SW_4" Dir="IN"/>
		<Port Id="SW_5" Dir="IN"/>
		<Port Id="SW_6" Dir="IN"/>
		<Port Id="SW_7" Dir="IN"/>
		<Port Id="common0" Dir="OUT"/>
		<Port Id="common1" Dir="OUT"/>
		<Port Id="common2" Dir="OUT"/>
		<Port Id="common3" Dir="OUT"/>
		<Port Id="L0" Dir="OUT"/>
		<Port Id="L1" Dir="OUT"/>
		<Port Id="L2" Dir="OUT"/>
		<Port Id="L3" Dir="OUT"/>
		<Port Id="L4" Dir="OUT"/>
		<Port Id="L5" Dir="OUT"/>
		<Port Id="L6" Dir="OUT"/>
		<Port Id="P27" Dir="OUT"/>
		<Port Id="P29" Dir="OUT"/>
		<Port Id="P32" Dir="OUT"/>
		<Port Id="P34" Dir="OUT"/>
		<Port Id="P35" Dir="OUT"/>
		<Port Id="P40" Dir="OUT"/>
		<Port Id="P41" Dir="OUT"/>
	</Ifc>
</Interface>

