<?xml version="1.0"?>
<Interface Version="1" Minor="1">
	<Ifc Id="ROOT" Top="1">
		<Port Id="CLK_BUTTON" Dir="IN"/>
		<Port Id="CLK_OSC" Dir="IN"/>
		<Port Id="output_button" Dir="IN"/>
		<Port Id="SWAP_BUTTON" Dir="IN"/>
		<Port Id="SW_0" Dir="IN"/>
		<Port Id="SW_1" Dir="IN"/>
		<Port Id="SW_2" Dir="IN"/>
		<Port Id="SW_3" Dir="IN"/>
		<Port Id="SW_4" Dir="IN"/>
		<Port Id="SW_5" Dir="IN"/>
		<Port Id="SW_6" Dir="IN"/>
		<Port Id="SW_7" Dir="IN"/>
		<Port Id="common0" Dir="OUT"/>
		<Port Id="COMMON1" Dir="OUT"/>
		<Port Id="COMMON2" Dir="OUT"/>
		<Port Id="COMMON3" Dir="OUT"/>
		<Port Id="P27" Dir="OUT"/>
		<Port Id="P29" Dir="OUT"/>
		<Port Id="P32" Dir="OUT"/>
		<Port Id="P34" Dir="OUT"/>
		<Port Id="P35" Dir="OUT"/>
		<Port Id="P40" Dir="OUT"/>
		<Port Id="P41" Dir="OUT"/>
		<Port Id="P67" Dir="OUT"/>
		<Port Id="P74" Dir="OUT"/>
		<Port Id="P75" Dir="OUT"/>
		<Port Id="P78" Dir="OUT"/>
		<Port Id="P79" Dir="OUT"/>
		<Port Id="P80" Dir="OUT"/>
		<Port Id="P81" Dir="OUT"/>
		<Port Id="P82" Dir="OUT"/>
	</Ifc>
</Interface>

